stage,idrl_n,processes,samples,mean_ms,variance_ms2,ci95_low_ms,ci95_high_ms,median_ms,p95_ms
prover,1,3,300,0.23561672666666666,1.6956753189253064e-05,0.23298289883935316,0.23825055449398017,0.23489149999999998,0.243085
prover,4,3,300,0.4035914033333333,4.5397646856845044e-05,0.401752263164654,0.40543054350201263,0.40182300000000004,0.415928
prover,16,3,300,1.2181571466666667,0.016355050282654004,1.216783185491737,1.2195311078415965,1.188021,1.26728
prover,64,3,300,5.20988605,0.04128520592284366,5.162772320192332,5.256999779807668,5.150162,5.816347
prover,256,3,90,22.80020511111111,0.23766423865971775,22.587234630273937,23.013175591948286,22.668613,23.767041
prover,1024,3,90,105.4239933,1.0849192288062801,105.08074832944233,105.76723827055768,105.294748,107.122217
prover,4096,3,36,506.8776911111111,7.470364924557116,504.5174042392761,509.2379779829461,506.701327,512.075297
prover,16384,3,36,2424.6155549444447,37.77971870508457,2422.3115205548665,2426.919589334023,2424.5791855,2434.670192
verifier,1,3,900,0.9906407466666667,1.0103175800044501e-05,0.9883562631249879,0.9929252302083454,0.990062,0.99656
verifier,4,3,900,0.9904099966666666,1.0729320764171303e-05,0.9865714674438543,0.994248525889479,0.98987,0.996523
verifier,16,3,900,0.98970176,7.050705241557287e-06,0.9864544658638058,0.9929490541361942,0.9891019999999999,0.994439
verifier,64,3,900,0.9905898933333332,0.0005657196217216464,0.986899878702049,0.9942799079646175,0.9886275,0.994009
verifier,256,3,900,0.9894776366666667,7.934907908998888e-06,0.9876358301892176,0.9913194431441157,0.9886785,0.994449
verifier,1024,3,900,0.9896932766666666,7.089057072424916e-06,0.9874016681053052,0.9919848852280281,0.988984,0.994805
verifier,4096,3,900,0.9894212033333334,7.334952337919914e-06,0.9878594019016123,0.9909830047650545,0.9885275,0.993886
verifier,16384,3,900,0.989326621111111,8.335488126583857e-06,0.9884819615148078,0.9901712807074142,0.988496,0.994291
